epoch,accuracy,loss,lr,val_accuracy,val_loss
0,0.249323308467865,33.23896789550781,0.1,0.2357790768146515,1.7428843975067139
